<?xml version="1.0" encoding="UTF-8"?>
<!-- Auteur: Nikola Gandon & Maximilien Poncet -->

<catalog    xmlns:xsi="http://www.w3.org/2001/XMLSchema-instance"
            xsi:noNamespaceSchemaLocation="schemaPart2.xsd">
    <fournisseurs>
        <fournisseur id="EntrA">
            <nom>Entreprise A</nom>
            <adresse>
                <rue>1 rue de la paix</rue>
                <codePostal>75000</codePostal>
                <ville>Paris</ville>
                <pays>France</pays>
            </adresse>
            <contact>
                <email>contact@entrepriseA.com</email>
                <telephone>01 54 56 85 11</telephone>
            </contact>
        </fournisseur>
        <fournisseur id="EntrB">
            <nom>Entreprise B</nom>
            <adresse>
                <rue>2 rue de la paix</rue>
                <codePostal>75000</codePostal>
                <ville>Paris</ville>
                <pays>France</pays>
            </adresse>
            <contact>
                <email>contact@entrepriseB.com</email>
                <telephone>01 54 56 85 13</telephone>
            </contact>
        </fournisseur>
        <fournisseur id="EntrC">
            <nom>Entreprise C</nom>
            <adresse>
                <rue>3 rue de la paix</rue>
                <codePostal>75000</codePostal>
                <ville>Paris</ville>
                <pays>France</pays>
            </adresse>
            <contact>
                <email>contact@entrepriseC.com</email>
                <telephone>01 54 56 85 15</telephone>
            </contact>
        </fournisseur>
        <fournisseur id="EntrD">
            <nom>Entreprise D</nom>
            <adresse>
                <rue>4 rue de la paix</rue>
                <codePostal>75000</codePostal>
                <ville>Paris</ville>
                <pays>France</pays>
            </adresse>
            <contact>
                <email>contact@entrepriseD.com</email>
                <telephone>01 54 56 85 17</telephone>
            </contact>
        </fournisseur>
    </fournisseurs>

    <articles>
        <article id="chaiseSimple">
            <nomArticle>Chaise</nomArticle>
            <prix>50</prix>
            <fournisseurID>EntrA</fournisseurID>
        </article>
        <article id="tableSimple">
            <nomArticle>Table</nomArticle>
            <prix>100</prix>
            <fournisseurID>EntrB</fournisseurID>
        </article>
        <article id="canapeSimple">
            <nomArticle>Canapé</nomArticle>
            <prix>200</prix>
            <fournisseurID>EntrA</fournisseurID>
        </article>
        <article id="fauteuilSimple">
            <nomArticle>Fauteuil</nomArticle>
            <prix>50</prix>
            <fournisseurID>EntrB</fournisseurID>
        </article>
        <article id="tabouret">
            <nomArticle>Tabouret</nomArticle>
            <prix>100</prix>
            <fournisseurID>EntrA</fournisseurID>
        </article>
        <article id="ilot">
            <nomArticle>Ilot</nomArticle>
            <prix>200</prix>
            <fournisseurID>EntrB</fournisseurID>
        </article>
        <article id="porte">
            <nomArticle>Porte</nomArticle>
            <prix>50</prix>
            <fournisseurID>EntrA</fournisseurID>
        </article>
        <article id="doublePorte">
            <nomArticle>Double porte</nomArticle>
            <prix>100</prix>
            <fournisseurID>EntrB</fournisseurID>
        </article>
        <article id="tableBasse">
            <nomArticle>Table basse</nomArticle>
            <prix>200</prix>
            <fournisseurID>EntrA</fournisseurID>
        </article>
        <article id="canapeLit">
            <nomArticle>Canapé lit</nomArticle>
            <prix>200</prix>
            <fournisseurID>EntrA</fournisseurID>
        </article>
        <article id="canapeAngle">
            <nomArticle>Canapé d'angle</nomArticle>
            <prix>1500</prix>
            <fournisseurID>EntrD</fournisseurID>
        </article>
        <article id="canape3Places">
            <nomArticle>Canapé 3 places</nomArticle>
            <prix>1500</prix>
            <fournisseurID>EntrD</fournisseurID>
        </article>
        <article id="canapeU">
            <nomArticle>Canapé forme U</nomArticle>
            <prix>3000</prix>
            <fournisseurID>EntrD</fournisseurID>
        </article>
        <article id="canapeRond">
            <nomArticle>Canapé Rond</nomArticle>
            <prix>15000</prix>
            <fournisseurID>EntrD</fournisseurID>
        </article>
        <article id="litDouble">
            <nomArticle>Lit Double</nomArticle>
            <prix>350</prix>
            <fournisseurID>EntrC</fournisseurID>
        </article>
        <article id="litQueenSize">
            <nomArticle>Lit Queen Size</nomArticle>
            <prix>750</prix>
            <fournisseurID>EntrC</fournisseurID>
        </article>
        <article id="litKingSize">
            <nomArticle>Lit King Size</nomArticle>
            <prix>12000</prix>
            <fournisseurID>EntrC</fournisseurID>
        </article>
        <article id="litSuperKing">
            <nomArticle>Lit super king size</nomArticle>
            <prix>18000</prix>
            <fournisseurID>EntrC</fournisseurID>
        </article>
        <article id="frigoAmericain">
            <nomArticle>Frigo americain</nomArticle>
            <prix>250</prix>
            <fournisseurID>EntrA</fournisseurID>
        </article>
        <article id="planTravail">
            <nomArticle>Plan de travail</nomArticle>
            <prix>1200</prix>
            <fournisseurID>EntrA</fournisseurID>
        </article>
    </articles>
</catalog>