<?xml version="1.0" encoding="UTF-8"?>
<!DOCTYPE catalog SYSTEM "catalog.dtd">
<catalog>
    <fournisseurs>
        <fournisseur id="EntrA">
            <nom>Entreprise A</nom>
            <adresse>
                <rue>1 rue de la paix</rue>
                <codePostal>75000</codePostal>
                <ville>Paris</ville>
                <pays>France</pays>
            </adresse>
            <contact>
                <email>contact@entrepriseA.com</email>
                <telephone>01 54 56 85 11</telephone>
            </contact>
        </fournisseur>
        <fournisseur id="EntrB">
            <nom>Entreprise B</nom>
            <adresse>
                <rue>2 rue de la paix</rue>
                <codePostal>75000</codePostal>
                <ville>Paris</ville>
                <pays>France</pays>
            </adresse>
            <contact>
                <email>contact@entrepriseB.com</email>
                <telephone>01 54 56 85 13</telephone>
            </contact>
        </fournisseur>
    </fournisseurs>

    <articles>
        <article id="chaiseSimple">
            <nomArticle>Chaise</nomArticle>
            <prix>50</prix>
            <fournisseurID>EntrA</fournisseurID>
        </article>
        <article id="tableSimple">
            <nomArticle>Table</nomArticle>
            <prix>100</prix>
            <fournisseurID>EntrB</fournisseurID>
        </article>
        <article id="canapeSimple">
            <nomArticle>Canapé</nomArticle>
            <prix>200</prix>
            <fournisseurID>EntrA</fournisseurID>
        </article>
        <article id="fauteuilSimple">
            <nomArticle>Fauteuil</nomArticle>
            <prix>50</prix>
            <fournisseurID>EntrB</fournisseurID>
        </article>
        <article id="tabouret">
            <nomArticle>Tabouret</nomArticle>
            <prix>100</prix>
            <fournisseurID>EntrA</fournisseurID>
        </article>
        <article id="ilot">
            <nomArticle>Ilot</nomArticle>
            <prix>200</prix>
            <fournisseurID>EntrB</fournisseurID>
        </article>
        <article id="porte">
            <nomArticle>Porte</nomArticle>
            <prix>50</prix>
            <fournisseurID>EntrA</fournisseurID>
        </article>
        <article id="doublePorte">
            <nomArticle>Double porte</nomArticle>
            <prix>100</prix>
            <fournisseurID>EntrB</fournisseurID>
        </article>
        <article id="tableBasse">
            <nomArticle>Table basse</nomArticle>
            <prix>200</prix>
            <fournisseurID>EntrA</fournisseurID>
        </article>
        <article id="canapeLit">
            <nomArticle>Canapé lit</nomArticle>
            <prix>200</prix>
            <fournisseurID>EntrA</fournisseurID>
        </article>
    </articles>
</catalog>